clip_id,predicted_label
5-103415-A-2__clean,pig
5-103416-A-2__clean,breathing
5-103418-A-2__clean,coughing
5-103420-A-2__clean,glass_breaking
5-103421-A-2__clean,crying_baby
5-103422-A-2__clean,fireworks
5-117118-A-42__clean,church_bells
5-117120-A-42__clean,cat
5-117122-A-42__clean,cow
5-117250-A-2__clean,insects
5-117773-A-16__clean,washing_machine
5-127990-A-2__clean,drinking_sipping
5-133989-A-42__clean,church_bells
5-133989-B-42__clean,siren
5-141683-A-35__clean,wind
5-147297-A-27__clean,brushing_teeth
5-150409-A-42__clean,cow
5-151085-A-20__clean,crying_baby
5-156026-A-4__clean,dog
5-156026-B-4__clean,dog
5-156026-C-4__clean,dog
5-156026-D-4__clean,dog
5-156698-A-18__clean,clapping
5-156999-A-19__clean,thunderstorm
5-156999-B-19__clean,thunderstorm
5-156999-C-19__clean,thunderstorm
5-156999-D-19__clean,thunderstorm
5-156999-E-19__clean,airplane
5-157204-A-16__clean,crickets
5-157204-B-16__clean,helicopter
5-160551-A-42__clean,cat
5-160614-A-48__clean,keyboard_typing
5-160614-B-48__clean,sea_waves
5-160614-C-48__clean,drinking_sipping
5-160614-D-48__clean,hand_saw
5-160614-E-48__clean,footsteps
5-160614-F-48__clean,crackling_fire
5-160614-G-48__clean,pig
5-160614-H-48__clean,brushing_teeth
5-161270-A-33__clean,airplane
5-161270-B-33__clean,thunderstorm
5-169983-A-5__clean,frog
5-170338-A-41__clean,chainsaw
5-170338-B-41__clean,chainsaw
5-171118-A-26__clean,cow
5-171653-A-41__clean,chainsaw
5-172299-A-5__clean,crying_baby
5-172639-A-5__clean,door_wood_creaks
5-173568-A-33__clean,car_horn
5-177034-A-18__clean,toilet_flush
5-177614-A-5__clean,cat
5-177779-A-33__clean,footsteps
5-177957-A-40__clean,engine
5-177957-B-40__clean,washing_machine
5-177957-C-40__clean,helicopter
5-177957-D-40__clean,wind
5-177957-E-40__clean,wind
5-178997-A-24__clean,pig
5-179294-A-46__clean,helicopter
5-179496-A-16__clean,wind
5-179496-B-16__clean,wind
5-179860-A-43__clean,car_horn
5-179863-A-43__clean,car_horn
5-179865-A-43__clean,fireworks
5-179866-A-43__clean,drinking_sipping
5-179868-A-43__clean,car_horn
5-180156-A-43__clean,car_horn
5-180156-B-43__clean,car_horn
5-180156-C-43__clean,car_horn
5-180229-A-27__clean,brushing_teeth
5-181458-A-33__clean,cat
5-181766-A-10__clean,rain
5-181977-A-35__clean,sea_waves
5-182007-A-36__clean,crickets
5-182010-A-36__clean,crickets
5-182012-A-36__clean,crickets
5-182404-A-18__clean,toilet_flush
5-184323-A-42__clean,cat
5-184871-A-24__clean,coughing
5-185516-A-27__clean,brushing_teeth
5-185579-A-41__clean,chainsaw
5-185579-B-41__clean,chainsaw
5-185908-A-18__clean,toilet_flush
5-186924-A-12__clean,rain
5-187201-A-4__clean,frog
5-187201-B-4__clean,frog
5-187444-A-33__clean,toilet_flush
5-187979-A-21__clean,sneezing
5-188365-A-36__clean,vacuum_cleaner
5-188495-A-19__clean,thunderstorm
5-188606-A-33__clean,cow
5-188655-A-10__clean,rain
5-188716-A-46__clean,church_bells
5-188796-A-45__clean,train
5-188945-A-45__clean,helicopter
5-189212-A-12__clean,crackling_fire
5-189237-A-12__clean,clock_tick
5-189795-A-4__clean,frog
5-191131-A-40__clean,train
5-191497-A-33__clean,laughing
5-192191-A-19__clean,thunderstorm
5-193339-A-10__clean,rain
5-193473-A-12__clean,crackling_fire
5-193473-B-12__clean,crackling_fire
5-194533-A-21__clean,sneezing
5-194892-A-10__clean,crickets
5-194899-A-3__clean,laughing
5-194899-B-3__clean,cow
5-194899-C-3__clean,cow
5-194899-D-3__clean,cow
5-194930-A-1__clean,rooster
5-194930-B-1__clean,rooster
5-194932-A-7__clean,insects
5-195517-A-7__clean,insects
5-195518-A-7__clean,footsteps
5-195557-A-19__clean,train
5-195710-A-10__clean,rain
5-197118-A-45__clean,train
5-197121-A-45__clean,chainsaw
5-197121-B-45__clean,sea_waves
5-197446-A-7__clean,clock_tick
5-197913-A-18__clean,toilet_flush
5-197988-A-46__clean,sheep
5-198278-A-7__clean,rain
5-198278-B-7__clean,sea_waves
5-198278-C-7__clean,sea_waves
5-198321-A-10__clean,rain
5-198373-A-46__clean,cow
5-198411-A-20__clean,crying_baby
5-198411-B-20__clean,crying_baby
5-198411-C-20__clean,laughing
5-198411-D-20__clean,crying_baby
5-198411-E-20__clean,crying_baby
5-198411-F-20__clean,crying_baby
5-198411-G-20__clean,crying_baby
5-198600-A-45__clean,train
5-198891-A-8__clean,breathing
5-198891-B-8__clean,hand_saw
5-198891-C-8__clean,door_wood_creaks
5-198891-D-8__clean,clapping
5-199284-A-45__clean,train
5-199284-B-45__clean,train
5-200329-A-8__clean,sheep
5-200329-B-8__clean,sheep
5-200329-C-8__clean,sheep
5-200334-A-1__clean,rooster
5-200334-B-1__clean,rooster
5-200339-A-1__clean,rooster
5-200461-A-11__clean,sea_waves
5-200461-B-11__clean,sea_waves
5-201170-A-46__clean,church_bells
5-201172-A-46__clean,church_bells
5-201194-A-38__clean,clock_tick
5-201274-A-21__clean,sneezing
5-201664-A-18__clean,toilet_flush
5-202020-A-18__clean,clapping
5-202220-A-21__clean,laughing
5-202540-A-18__clean,toilet_flush
5-202795-A-3__clean,cow
5-202898-A-10__clean,rain
5-203128-A-0__clean,dog
5-203128-B-0__clean,dog
5-203739-A-10__clean,rain
5-204114-A-29__clean,drinking_sipping
5-204352-A-13__clean,clock_alarm
5-204352-B-13__clean,clock_alarm
5-204604-A-24__clean,coughing
5-204741-A-46__clean,church_bells
5-205090-A-32__clean,footsteps
5-205589-A-17__clean,pouring_water
5-205589-B-17__clean,pouring_water
5-205898-A-40__clean,wind
5-207681-A-24__clean,hand_saw
5-207781-A-17__clean,pouring_water
5-207811-A-35__clean,washing_machine
5-207811-B-35__clean,crickets
5-207836-A-29__clean,keyboard_typing
5-207836-B-29__clean,drinking_sipping
5-207836-C-29__clean,water_drops
5-207836-D-29__clean,pig
5-208030-A-0__clean,dog
5-208624-A-38__clean,water_drops
5-208761-A-24__clean,pig
5-208810-A-11__clean,sea_waves
5-208810-B-11__clean,sea_waves
5-209698-A-38__clean,chirping_birds
5-209719-A-24__clean,sneezing
5-209833-A-38__clean,water_drops
5-209989-A-22__clean,brushing_teeth
5-209992-A-44__clean,wind
5-209992-B-44__clean,washing_machine
5-210540-A-13__clean,clock_alarm
5-210571-A-38__clean,water_drops
5-210612-A-37__clean,clock_alarm
5-211197-A-24__clean,coughing
5-211408-A-37__clean,crickets
5-212050-A-27__clean,brushing_teeth
5-212054-A-36__clean,clapping
5-212059-A-36__clean,vacuum_cleaner
5-212181-A-38__clean,drinking_sipping
5-212454-A-0__clean,laughing
5-212730-A-17__clean,pouring_water
5-212734-A-17__clean,pouring_water
5-212736-A-17__clean,pouring_water
5-213077-A-11__clean,train
5-213293-A-23__clean,hand_saw
5-213802-A-12__clean,washing_machine
5-213836-A-9__clean,crow
5-213836-B-9__clean,crow
5-213836-C-9__clean,crow
5-213836-D-9__clean,crow
5-213855-A-0__clean,dog
5-214362-A-17__clean,clapping
5-214759-A-5__clean,cat
5-214759-B-5__clean,cat
5-214869-A-9__clean,crow
5-215005-A-32__clean,clock_tick
5-215172-A-13__clean,crickets
5-215179-A-13__clean,crickets
5-215445-A-47__clean,airplane
5-215447-A-47__clean,airplane
5-215449-A-47__clean,airplane
5-215634-A-17__clean,mouse_click
5-215658-A-12__clean,crackling_fire
5-215658-B-12__clean,crackling_fire
5-216131-A-32__clean,keyboard_typing
5-216213-A-13__clean,chirping_birds
5-216214-A-13__clean,crickets
5-216216-A-13__clean,crickets
5-216368-A-28__clean,cow
5-216370-A-41__clean,vacuum_cleaner
5-216370-B-41__clean,chainsaw
5-217158-A-0__clean,dog
5-217186-A-16__clean,train
5-217186-B-16__clean,helicopter
5-217186-C-16__clean,helicopter
5-218196-A-27__clean,brushing_teeth
5-218196-B-27__clean,brushing_teeth
5-218494-A-22__clean,sea_waves
5-218980-A-30__clean,fireworks
5-218981-A-30__clean,fireworks
5-219044-A-46__clean,insects
5-219242-A-37__clean,clock_alarm
5-219242-B-37__clean,clock_alarm
5-219318-A-31__clean,clock_tick
5-219342-A-38__clean,dog
5-219379-A-11__clean,chainsaw
5-219379-B-11__clean,sea_waves
5-219379-C-11__clean,sea_waves
5-220026-A-21__clean,sneezing
5-220027-A-21__clean,hen
5-220939-A-27__clean,pouring_water
5-220955-A-40__clean,thunderstorm
5-221518-A-21__clean,sneezing
5-221528-A-39__clean,glass_breaking
5-221529-A-39__clean,glass_breaking
5-221567-A-22__clean,chainsaw
5-221568-A-22__clean,chainsaw
5-221593-A-21__clean,sneezing
5-221878-A-34__clean,water_drops
5-221950-A-22__clean,keyboard_typing
5-222041-A-9__clean,car_horn
5-222524-A-41__clean,washing_machine
5-222894-A-32__clean,keyboard_typing
5-223099-A-32__clean,keyboard_typing
5-223099-B-32__clean,door_wood_creaks
5-223103-A-31__clean,fireworks
5-223176-A-37__clean,clock_alarm
5-223317-A-31__clean,keyboard_typing
5-223810-A-35__clean,footsteps
5-231551-A-36__clean,cow
5-231762-A-0__clean,dog
5-232272-A-44__clean,washing_machine
5-232802-A-31__clean,mouse_click
5-232816-A-23__clean,train
5-233019-A-31__clean,footsteps
5-233160-A-1__clean,rooster
5-233260-A-23__clean,helicopter
5-233312-A-28__clean,snoring
5-233605-A-39__clean,glass_breaking
5-233607-A-39__clean,glass_breaking
5-233645-A-37__clean,clock_alarm
5-233787-A-7__clean,insects
5-234145-A-28__clean,snoring
5-234247-A-37__clean,chirping_birds
5-234263-A-25__clean,door_wood_knock
5-234335-A-23__clean,keyboard_typing
5-234855-A-25__clean,footsteps
5-234879-A-1__clean,rooster
5-234879-B-1__clean,rooster
5-234923-A-32__clean,keyboard_typing
5-235507-A-44__clean,vacuum_cleaner
5-235593-A-23__clean,breathing
5-235644-A-30__clean,door_wood_knock
5-235671-A-38__clean,footsteps
5-235874-A-28__clean,snoring
5-235893-A-28__clean,insects
5-235956-A-47__clean,airplane
5-236288-A-28__clean,chainsaw
5-236299-A-34__clean,can_opening
5-237315-A-31__clean,crackling_fire
5-237499-A-4__clean,dog
5-237795-A-34__clean,can_opening
5-238021-A-35__clean,crickets
5-238492-A-23__clean,washing_machine
5-238926-A-31__clean,door_wood_creaks
5-238938-A-27__clean,brushing_teeth
5-240671-A-44__clean,train
5-241846-A-15__clean,can_opening
5-242490-A-14__clean,chirping_birds
5-242491-A-14__clean,pouring_water
5-242492-A-3__clean,thunderstorm
5-242711-A-9__clean,car_horn
5-242932-A-26__clean,dog
5-242932-B-26__clean,laughing
5-243025-A-25__clean,keyboard_typing
5-243036-A-29__clean,drinking_sipping
5-243448-A-14__clean,pouring_water
5-243449-A-14__clean,crickets
5-243450-A-14__clean,chirping_birds
5-243459-A-14__clean,chirping_birds
5-243459-B-14__clean,chirping_birds
5-243635-A-29__clean,door_wood_knock
5-243773-A-44__clean,engine
5-243773-B-44__clean,engine
5-243783-A-44__clean,rain
5-244178-A-32__clean,water_drops
5-244310-A-25__clean,footsteps
5-244315-A-6__clean,hen
5-244315-B-6__clean,hand_saw
5-244315-C-6__clean,clapping
5-244327-A-34__clean,can_opening
5-244459-A-28__clean,snoring
5-244526-A-26__clean,laughing
5-244651-A-31__clean,crackling_fire
5-244933-A-34__clean,mouse_click
5-245040-A-35__clean,chainsaw
5-248341-A-6__clean,laughing
5-248341-B-6__clean,laughing
5-248341-C-6__clean,dog
5-249748-A-28__clean,drinking_sipping
5-249937-A-22__clean,sea_waves
5-250026-A-30__clean,door_wood_knock
5-250026-B-30__clean,drinking_sipping
5-250258-A-49__clean,clock_tick
5-250629-A-37__clean,clock_alarm
5-250753-A-34__clean,glass_breaking
5-251426-A-30__clean,door_wood_knock
5-251426-B-30__clean,door_wood_knock
5-251489-A-24__clean,coughing
5-251957-A-47__clean,sea_waves
5-251962-A-47__clean,sea_waves
5-251963-A-47__clean,sea_waves
5-251971-A-47__clean,chainsaw
5-252248-A-34__clean,can_opening
5-253085-A-3__clean,fireworks
5-253085-B-3__clean,cow
5-253094-A-49__clean,hand_saw
5-253094-B-49__clean,hand_saw
5-253094-C-49__clean,hand_saw
5-253094-D-49__clean,hand_saw
5-253101-A-49__clean,hand_saw
5-253101-B-49__clean,hand_saw
5-253101-C-49__clean,chainsaw
5-253534-A-26__clean,crying_baby
5-254160-A-22__clean,clapping
5-254832-A-15__clean,keyboard_typing
5-254832-B-15__clean,clock_tick
5-256452-A-5__clean,sneezing
5-256512-A-30__clean,door_wood_knock
5-257349-A-15__clean,water_drops
5-257642-A-39__clean,glass_breaking
5-257839-A-14__clean,frog
5-259169-A-5__clean,car_horn
5-259180-A-15__clean,drinking_sipping
5-259514-A-26__clean,laughing
5-259640-A-29__clean,sneezing
5-260011-A-34__clean,can_opening
5-260164-A-23__clean,breathing
5-260432-A-39__clean,glass_breaking
5-260433-A-39__clean,glass_breaking
5-260434-A-39__clean,glass_breaking
5-260875-A-35__clean,washing_machine
5-261325-A-9__clean,crow
5-261433-A-15__clean,door_wood_knock
5-261439-A-15__clean,crackling_fire
5-261464-A-23__clean,breathing
5-262641-A-15__clean,crackling_fire
5-262957-A-22__clean,insects
5-263490-A-25__clean,train
5-263491-A-25__clean,footsteps
5-263501-A-25__clean,footsteps
5-263775-A-26__clean,clock_tick
5-263775-B-26__clean,laughing
5-263831-A-6__clean,hen
5-263831-B-6__clean,hen
5-263902-A-36__clean,vacuum_cleaner
5-51149-A-25__clean,fireworks
5-61635-A-8__clean,sheep
5-9032-A-0__clean,clock_tick
5-103415-A-2__noisy,chainsaw
5-103416-A-2__noisy,breathing
5-103418-A-2__noisy,crickets
5-103420-A-2__noisy,crickets
5-103421-A-2__noisy,hand_saw
5-103422-A-2__noisy,snoring
5-117118-A-42__noisy,crickets
5-117120-A-42__noisy,vacuum_cleaner
5-117122-A-42__noisy,chainsaw
5-117250-A-2__noisy,insects
5-117773-A-16__noisy,washing_machine
5-127990-A-2__noisy,drinking_sipping
5-133989-A-42__noisy,vacuum_cleaner
5-133989-B-42__noisy,vacuum_cleaner
5-141683-A-35__noisy,washing_machine
5-147297-A-27__noisy,crickets
5-150409-A-42__noisy,crickets
5-151085-A-20__noisy,hand_saw
5-156026-A-4__noisy,footsteps
5-156026-B-4__noisy,footsteps
5-156026-C-4__noisy,dog
5-156026-D-4__noisy,crickets
5-156698-A-18__noisy,rain
5-156999-A-19__noisy,snoring
5-156999-B-19__noisy,engine
5-156999-C-19__noisy,rain
5-156999-D-19__noisy,washing_machine
5-156999-E-19__noisy,insects
5-157204-A-16__noisy,crickets
5-157204-B-16__noisy,crickets
5-160551-A-42__noisy,cat
5-160614-A-48__noisy,brushing_teeth
5-160614-B-48__noisy,sea_waves
5-160614-C-48__noisy,crickets
5-160614-D-48__noisy,brushing_teeth
5-160614-E-48__noisy,rain
5-160614-F-48__noisy,footsteps
5-160614-G-48__noisy,footsteps
5-160614-H-48__noisy,footsteps
5-161270-A-33__noisy,chainsaw
5-161270-B-33__noisy,washing_machine
5-169983-A-5__noisy,crickets
5-170338-A-41__noisy,rain
5-170338-B-41__noisy,vacuum_cleaner
5-171118-A-26__noisy,chainsaw
5-171653-A-41__noisy,chainsaw
5-172299-A-5__noisy,cat
5-172639-A-5__noisy,crying_baby
5-173568-A-33__noisy,car_horn
5-177034-A-18__noisy,vacuum_cleaner
5-177614-A-5__noisy,glass_breaking
5-177779-A-33__noisy,chainsaw
5-177957-A-40__noisy,washing_machine
5-177957-B-40__noisy,crickets
5-177957-C-40__noisy,washing_machine
5-177957-D-40__noisy,washing_machine
5-177957-E-40__noisy,washing_machine
5-178997-A-24__noisy,keyboard_typing
5-179294-A-46__noisy,sea_waves
5-179496-A-16__noisy,vacuum_cleaner
5-179496-B-16__noisy,crickets
5-179860-A-43__noisy,glass_breaking
5-179863-A-43__noisy,glass_breaking
5-179865-A-43__noisy,mouse_click
5-179866-A-43__noisy,breathing
5-179868-A-43__noisy,crickets
5-180156-A-43__noisy,crickets
5-180156-B-43__noisy,crickets
5-180156-C-43__noisy,car_horn
5-180229-A-27__noisy,brushing_teeth
5-181458-A-33__noisy,chainsaw
5-181766-A-10__noisy,rain
5-181977-A-35__noisy,rain
5-182007-A-36__noisy,crickets
5-182010-A-36__noisy,crickets
5-182012-A-36__noisy,vacuum_cleaner
5-182404-A-18__noisy,chainsaw
5-184323-A-42__noisy,vacuum_cleaner
5-184871-A-24__noisy,brushing_teeth
5-185516-A-27__noisy,rain
5-185579-A-41__noisy,vacuum_cleaner
5-185579-B-41__noisy,vacuum_cleaner
5-185908-A-18__noisy,sea_waves
5-186924-A-12__noisy,rain
5-187201-A-4__noisy,crickets
5-187201-B-4__noisy,crickets
5-187444-A-33__noisy,chainsaw
5-187979-A-21__noisy,sneezing
5-188365-A-36__noisy,rain
5-188495-A-19__noisy,engine
5-188606-A-33__noisy,breathing
5-188655-A-10__noisy,rain
5-188716-A-46__noisy,sea_waves
5-188796-A-45__noisy,vacuum_cleaner
5-188945-A-45__noisy,crickets
5-189212-A-12__noisy,crackling_fire
5-189237-A-12__noisy,crackling_fire
5-189795-A-4__noisy,crickets
5-191131-A-40__noisy,washing_machine
5-191497-A-33__noisy,snoring
5-192191-A-19__noisy,chainsaw
5-193339-A-10__noisy,rain
5-193473-A-12__noisy,crackling_fire
5-193473-B-12__noisy,crickets
5-194533-A-21__noisy,crickets
5-194892-A-10__noisy,crickets
5-194899-A-3__noisy,footsteps
5-194899-B-3__noisy,chainsaw
5-194899-C-3__noisy,breathing
5-194899-D-3__noisy,breathing
5-194930-A-1__noisy,breathing
5-194930-B-1__noisy,rooster
5-194932-A-7__noisy,vacuum_cleaner
5-195517-A-7__noisy,crickets
5-195518-A-7__noisy,chainsaw
5-195557-A-19__noisy,washing_machine
5-195710-A-10__noisy,rain
5-197118-A-45__noisy,snoring
5-197121-A-45__noisy,chainsaw
5-197121-B-45__noisy,chainsaw
5-197446-A-7__noisy,crickets
5-197913-A-18__noisy,toilet_flush
5-197988-A-46__noisy,crickets
5-198278-A-7__noisy,rain
5-198278-B-7__noisy,sea_waves
5-198278-C-7__noisy,sea_waves
5-198321-A-10__noisy,rain
5-198373-A-46__noisy,vacuum_cleaner
5-198411-A-20__noisy,crying_baby
5-198411-B-20__noisy,crying_baby
5-198411-C-20__noisy,chirping_birds
5-198411-D-20__noisy,crying_baby
5-198411-E-20__noisy,chirping_birds
5-198411-F-20__noisy,crow
5-198411-G-20__noisy,cat
5-198600-A-45__noisy,vacuum_cleaner
5-198891-A-8__noisy,insects
5-198891-B-8__noisy,insects
5-198891-C-8__noisy,door_wood_creaks
5-198891-D-8__noisy,breathing
5-199284-A-45__noisy,washing_machine
5-199284-B-45__noisy,vacuum_cleaner
5-200329-A-8__noisy,chainsaw
5-200329-B-8__noisy,sheep
5-200329-C-8__noisy,insects
5-200334-A-1__noisy,rooster
5-200334-B-1__noisy,rooster
5-200339-A-1__noisy,rooster
5-200461-A-11__noisy,sea_waves
5-200461-B-11__noisy,sea_waves
5-201170-A-46__noisy,sheep
5-201172-A-46__noisy,crickets
5-201194-A-38__noisy,brushing_teeth
5-201274-A-21__noisy,footsteps
5-201664-A-18__noisy,toilet_flush
5-202020-A-18__noisy,toilet_flush
5-202220-A-21__noisy,keyboard_typing
5-202540-A-18__noisy,brushing_teeth
5-202795-A-3__noisy,chainsaw
5-202898-A-10__noisy,rain
5-203128-A-0__noisy,keyboard_typing
5-203128-B-0__noisy,brushing_teeth
5-203739-A-10__noisy,rain
5-204114-A-29__noisy,footsteps
5-204352-A-13__noisy,clock_alarm
5-204352-B-13__noisy,clock_alarm
5-204604-A-24__noisy,rain
5-204741-A-46__noisy,church_bells
5-205090-A-32__noisy,rain
5-205589-A-17__noisy,crickets
5-205589-B-17__noisy,brushing_teeth
5-205898-A-40__noisy,crickets
5-207681-A-24__noisy,glass_breaking
5-207781-A-17__noisy,crickets
5-207811-A-35__noisy,washing_machine
5-207811-B-35__noisy,crickets
5-207836-A-29__noisy,brushing_teeth
5-207836-B-29__noisy,rain
5-207836-C-29__noisy,keyboard_typing
5-207836-D-29__noisy,footsteps
5-208030-A-0__noisy,hand_saw
5-208624-A-38__noisy,crickets
5-208761-A-24__noisy,insects
5-208810-A-11__noisy,sea_waves
5-208810-B-11__noisy,sea_waves
5-209698-A-38__noisy,crickets
5-209719-A-24__noisy,drinking_sipping
5-209833-A-38__noisy,crickets
5-209989-A-22__noisy,brushing_teeth
5-209992-A-44__noisy,crickets
5-209992-B-44__noisy,washing_machine
5-210540-A-13__noisy,clock_alarm
5-210571-A-38__noisy,mouse_click
5-210612-A-37__noisy,rain
5-211197-A-24__noisy,glass_breaking
5-211408-A-37__noisy,crickets
5-212050-A-27__noisy,rain
5-212054-A-36__noisy,clapping
5-212059-A-36__noisy,vacuum_cleaner
5-212181-A-38__noisy,rain
5-212454-A-0__noisy,chirping_birds
5-212730-A-17__noisy,brushing_teeth
5-212734-A-17__noisy,pouring_water
5-212736-A-17__noisy,brushing_teeth
5-213077-A-11__noisy,washing_machine
5-213293-A-23__noisy,hand_saw
5-213802-A-12__noisy,washing_machine
5-213836-A-9__noisy,crickets
5-213836-B-9__noisy,crow
5-213836-C-9__noisy,engine
5-213836-D-9__noisy,vacuum_cleaner
5-213855-A-0__noisy,brushing_teeth
5-214362-A-17__noisy,rain
5-214759-A-5__noisy,cat
5-214759-B-5__noisy,cat
5-214869-A-9__noisy,vacuum_cleaner
5-215005-A-32__noisy,crackling_fire
5-215172-A-13__noisy,clock_alarm
5-215179-A-13__noisy,crickets
5-215445-A-47__noisy,vacuum_cleaner
5-215447-A-47__noisy,crickets
5-215449-A-47__noisy,vacuum_cleaner
5-215634-A-17__noisy,footsteps
5-215658-A-12__noisy,rain
5-215658-B-12__noisy,washing_machine
5-216131-A-32__noisy,crickets
5-216213-A-13__noisy,crickets
5-216214-A-13__noisy,crickets
5-216216-A-13__noisy,crickets
5-216368-A-28__noisy,chainsaw
5-216370-A-41__noisy,rain
5-216370-B-41__noisy,chainsaw
5-217158-A-0__noisy,clapping
5-217186-A-16__noisy,train
5-217186-B-16__noisy,vacuum_cleaner
5-217186-C-16__noisy,washing_machine
5-218196-A-27__noisy,brushing_teeth
5-218196-B-27__noisy,rain
5-218494-A-22__noisy,sea_waves
5-218980-A-30__noisy,drinking_sipping
5-218981-A-30__noisy,glass_breaking
5-219044-A-46__noisy,insects
5-219242-A-37__noisy,crickets
5-219242-B-37__noisy,crickets
5-219318-A-31__noisy,rain
5-219342-A-38__noisy,clock_tick
5-219379-A-11__noisy,sea_waves
5-219379-B-11__noisy,sea_waves
5-219379-C-11__noisy,rain
5-220026-A-21__noisy,sneezing
5-220027-A-21__noisy,clock_alarm
5-220939-A-27__noisy,rain
5-220955-A-40__noisy,chainsaw
5-221518-A-21__noisy,glass_breaking
5-221528-A-39__noisy,glass_breaking
5-221529-A-39__noisy,glass_breaking
5-221567-A-22__noisy,chainsaw
5-221568-A-22__noisy,rain
5-221593-A-21__noisy,sneezing
5-221878-A-34__noisy,mouse_click
5-221950-A-22__noisy,footsteps
5-222041-A-9__noisy,rain
5-222524-A-41__noisy,vacuum_cleaner
5-222894-A-32__noisy,rain
5-223099-A-32__noisy,keyboard_typing
5-223099-B-32__noisy,footsteps
5-223103-A-31__noisy,footsteps
5-223176-A-37__noisy,clock_alarm
5-223317-A-31__noisy,rain
5-223810-A-35__noisy,footsteps
5-231551-A-36__noisy,crickets
5-231762-A-0__noisy,coughing
5-232272-A-44__noisy,washing_machine
5-232802-A-31__noisy,crackling_fire
5-232816-A-23__noisy,engine
5-233019-A-31__noisy,rain
5-233160-A-1__noisy,crickets
5-233260-A-23__noisy,engine
5-233312-A-28__noisy,chainsaw
5-233605-A-39__noisy,vacuum_cleaner
5-233607-A-39__noisy,glass_breaking
5-233645-A-37__noisy,clock_alarm
5-233787-A-7__noisy,crickets
5-234145-A-28__noisy,rain
5-234247-A-37__noisy,crickets
5-234263-A-25__noisy,engine
5-234335-A-23__noisy,footsteps
5-234855-A-25__noisy,footsteps
5-234879-A-1__noisy,rooster
5-234879-B-1__noisy,crickets
5-234923-A-32__noisy,crackling_fire
5-235507-A-44__noisy,vacuum_cleaner
5-235593-A-23__noisy,snoring
5-235644-A-30__noisy,rain
5-235671-A-38__noisy,footsteps
5-235874-A-28__noisy,insects
5-235893-A-28__noisy,chainsaw
5-235956-A-47__noisy,washing_machine
5-236288-A-28__noisy,rain
5-236299-A-34__noisy,glass_breaking
5-237315-A-31__noisy,rain
5-237499-A-4__noisy,footsteps
5-237795-A-34__noisy,glass_breaking
5-238021-A-35__noisy,crickets
5-238492-A-23__noisy,washing_machine
5-238926-A-31__noisy,rain
5-238938-A-27__noisy,rain
5-240671-A-44__noisy,washing_machine
5-241846-A-15__noisy,crackling_fire
5-242490-A-14__noisy,crickets
5-242491-A-14__noisy,crickets
5-242492-A-3__noisy,chainsaw
5-242711-A-9__noisy,rain
5-242932-A-26__noisy,brushing_teeth
5-242932-B-26__noisy,toilet_flush
5-243025-A-25__noisy,crackling_fire
5-243036-A-29__noisy,rain
5-243448-A-14__noisy,crickets
5-243449-A-14__noisy,crickets
5-243450-A-14__noisy,chirping_birds
5-243459-A-14__noisy,chirping_birds
5-243459-B-14__noisy,chirping_birds
5-243635-A-29__noisy,glass_breaking
5-243773-A-44__noisy,engine
5-243773-B-44__noisy,vacuum_cleaner
5-243783-A-44__noisy,rain
5-244178-A-32__noisy,mouse_click
5-244310-A-25__noisy,footsteps
5-244315-A-6__noisy,crickets
5-244315-B-6__noisy,hand_saw
5-244315-C-6__noisy,brushing_teeth
5-244327-A-34__noisy,keyboard_typing
5-244459-A-28__noisy,snoring
5-244526-A-26__noisy,crickets
5-244651-A-31__noisy,crickets
5-244933-A-34__noisy,mouse_click
5-245040-A-35__noisy,washing_machine
5-248341-A-6__noisy,brushing_teeth
5-248341-B-6__noisy,vacuum_cleaner
5-248341-C-6__noisy,brushing_teeth
5-249748-A-28__noisy,footsteps
5-249937-A-22__noisy,rain
5-250026-A-30__noisy,footsteps
5-250026-B-30__noisy,rain
5-250258-A-49__noisy,pig
5-250629-A-37__noisy,crickets
5-250753-A-34__noisy,crickets
5-251426-A-30__noisy,rain
5-251426-B-30__noisy,footsteps
5-251489-A-24__noisy,coughing
5-251957-A-47__noisy,sea_waves
5-251962-A-47__noisy,sea_waves
5-251963-A-47__noisy,rain
5-251971-A-47__noisy,rain
5-252248-A-34__noisy,glass_breaking
5-253085-A-3__noisy,chainsaw
5-253085-B-3__noisy,chainsaw
5-253094-A-49__noisy,hand_saw
5-253094-B-49__noisy,chainsaw
5-253094-C-49__noisy,brushing_teeth
5-253094-D-49__noisy,rain
5-253101-A-49__noisy,chainsaw
5-253101-B-49__noisy,hand_saw
5-253101-C-49__noisy,chainsaw
5-253534-A-26__noisy,brushing_teeth
5-254160-A-22__noisy,rain
5-254832-A-15__noisy,rain
5-254832-B-15__noisy,crackling_fire
5-256452-A-5__noisy,glass_breaking
5-256512-A-30__noisy,rain
5-257349-A-15__noisy,chirping_birds
5-257642-A-39__noisy,keyboard_typing
5-257839-A-14__noisy,mouse_click
5-259169-A-5__noisy,crickets
5-259180-A-15__noisy,glass_breaking
5-259514-A-26__noisy,brushing_teeth
5-259640-A-29__noisy,sneezing
5-260011-A-34__noisy,rain
5-260164-A-23__noisy,chainsaw
5-260432-A-39__noisy,glass_breaking
5-260433-A-39__noisy,glass_breaking
5-260434-A-39__noisy,glass_breaking
5-260875-A-35__noisy,rain
5-261325-A-9__noisy,crow
5-261433-A-15__noisy,snoring
5-261439-A-15__noisy,crickets
5-261464-A-23__noisy,sheep
5-262641-A-15__noisy,crackling_fire
5-262957-A-22__noisy,sea_waves
5-263490-A-25__noisy,washing_machine
5-263491-A-25__noisy,insects
5-263501-A-25__noisy,footsteps
5-263775-A-26__noisy,crickets
5-263775-B-26__noisy,brushing_teeth
5-263831-A-6__noisy,crickets
5-263831-B-6__noisy,brushing_teeth
5-263902-A-36__noisy,vacuum_cleaner
5-51149-A-25__noisy,rain
5-61635-A-8__noisy,sheep
5-9032-A-0__noisy,pouring_water
5-103415-A-2__bandlimited,dog
5-103416-A-2__bandlimited,laughing
5-103418-A-2__bandlimited,dog
5-103420-A-2__bandlimited,dog
5-103421-A-2__bandlimited,laughing
5-103422-A-2__bandlimited,fireworks
5-117118-A-42__bandlimited,church_bells
5-117120-A-42__bandlimited,siren
5-117122-A-42__bandlimited,cow
5-117250-A-2__bandlimited,door_wood_knock
5-117773-A-16__bandlimited,airplane
5-127990-A-2__bandlimited,dog
5-133989-A-42__bandlimited,church_bells
5-133989-B-42__bandlimited,siren
5-141683-A-35__bandlimited,airplane
5-147297-A-27__bandlimited,dog
5-150409-A-42__bandlimited,church_bells
5-151085-A-20__bandlimited,dog
5-156026-A-4__bandlimited,dog
5-156026-B-4__bandlimited,dog
5-156026-C-4__bandlimited,dog
5-156026-D-4__bandlimited,dog
5-156698-A-18__bandlimited,church_bells
5-156999-A-19__bandlimited,door_wood_creaks
5-156999-B-19__bandlimited,church_bells
5-156999-C-19__bandlimited,thunderstorm
5-156999-D-19__bandlimited,laughing
5-156999-E-19__bandlimited,church_bells
5-157204-A-16__bandlimited,helicopter
5-157204-B-16__bandlimited,church_bells
5-160551-A-42__bandlimited,church_bells
5-160614-A-48__bandlimited,dog
5-160614-B-48__bandlimited,cow
5-160614-C-48__bandlimited,hen
5-160614-D-48__bandlimited,hen
5-160614-E-48__bandlimited,thunderstorm
5-160614-F-48__bandlimited,frog
5-160614-G-48__bandlimited,sheep
5-160614-H-48__bandlimited,church_bells
5-161270-A-33__bandlimited,church_bells
5-161270-B-33__bandlimited,cow
5-169983-A-5__bandlimited,frog
5-170338-A-41__bandlimited,church_bells
5-170338-B-41__bandlimited,church_bells
5-171118-A-26__bandlimited,laughing
5-171653-A-41__bandlimited,airplane
5-172299-A-5__bandlimited,hen
5-172639-A-5__bandlimited,laughing
5-173568-A-33__bandlimited,rooster
5-177034-A-18__bandlimited,toilet_flush
5-177614-A-5__bandlimited,cat
5-177779-A-33__bandlimited,fireworks
5-177957-A-40__bandlimited,airplane
5-177957-B-40__bandlimited,airplane
5-177957-C-40__bandlimited,airplane
5-177957-D-40__bandlimited,airplane
5-177957-E-40__bandlimited,airplane
5-178997-A-24__bandlimited,dog
5-179294-A-46__bandlimited,church_bells
5-179496-A-16__bandlimited,church_bells
5-179496-B-16__bandlimited,church_bells
5-179860-A-43__bandlimited,cow
5-179863-A-43__bandlimited,car_horn
5-179865-A-43__bandlimited,cow
5-179866-A-43__bandlimited,dog
5-179868-A-43__bandlimited,church_bells
5-180156-A-43__bandlimited,church_bells
5-180156-B-43__bandlimited,church_bells
5-180156-C-43__bandlimited,church_bells
5-180229-A-27__bandlimited,frog
5-181458-A-33__bandlimited,hen
5-181766-A-10__bandlimited,church_bells
5-181977-A-35__bandlimited,church_bells
5-182007-A-36__bandlimited,church_bells
5-182010-A-36__bandlimited,airplane
5-182012-A-36__bandlimited,church_bells
5-182404-A-18__bandlimited,dog
5-184323-A-42__bandlimited,church_bells
5-184871-A-24__bandlimited,laughing
5-185516-A-27__bandlimited,frog
5-185579-A-41__bandlimited,church_bells
5-185579-B-41__bandlimited,church_bells
5-185908-A-18__bandlimited,cow
5-186924-A-12__bandlimited,airplane
5-187201-A-4__bandlimited,siren
5-187201-B-4__bandlimited,siren
5-187444-A-33__bandlimited,church_bells
5-187979-A-21__bandlimited,sneezing
5-188365-A-36__bandlimited,church_bells
5-188495-A-19__bandlimited,thunderstorm
5-188606-A-33__bandlimited,cow
5-188655-A-10__bandlimited,church_bells
5-188716-A-46__bandlimited,church_bells
5-188796-A-45__bandlimited,airplane
5-188945-A-45__bandlimited,church_bells
5-189212-A-12__bandlimited,church_bells
5-189237-A-12__bandlimited,dog
5-189795-A-4__bandlimited,frog
5-191131-A-40__bandlimited,airplane
5-191497-A-33__bandlimited,dog
5-192191-A-19__bandlimited,cow
5-193339-A-10__bandlimited,church_bells
5-193473-A-12__bandlimited,clock_tick
5-193473-B-12__bandlimited,church_bells
5-194533-A-21__bandlimited,laughing
5-194892-A-10__bandlimited,airplane
5-194899-A-3__bandlimited,laughing
5-194899-B-3__bandlimited,dog
5-194899-C-3__bandlimited,cow
5-194899-D-3__bandlimited,cow
5-194930-A-1__bandlimited,dog
5-194930-B-1__bandlimited,rooster
5-194932-A-7__bandlimited,church_bells
5-195517-A-7__bandlimited,church_bells
5-195518-A-7__bandlimited,cow
5-195557-A-19__bandlimited,airplane
5-195710-A-10__bandlimited,airplane
5-197118-A-45__bandlimited,airplane
5-197121-A-45__bandlimited,church_bells
5-197121-B-45__bandlimited,cow
5-197446-A-7__bandlimited,church_bells
5-197913-A-18__bandlimited,cow
5-197988-A-46__bandlimited,church_bells
5-198278-A-7__bandlimited,airplane
5-198278-B-7__bandlimited,church_bells
5-198278-C-7__bandlimited,church_bells
5-198321-A-10__bandlimited,wind
5-198373-A-46__bandlimited,church_bells
5-198411-A-20__bandlimited,laughing
5-198411-B-20__bandlimited,laughing
5-198411-C-20__bandlimited,laughing
5-198411-D-20__bandlimited,dog
5-198411-E-20__bandlimited,laughing
5-198411-F-20__bandlimited,siren
5-198411-G-20__bandlimited,laughing
5-198600-A-45__bandlimited,church_bells
5-198891-A-8__bandlimited,car_horn
5-198891-B-8__bandlimited,dog
5-198891-C-8__bandlimited,cow
5-198891-D-8__bandlimited,dog
5-199284-A-45__bandlimited,church_bells
5-199284-B-45__bandlimited,church_bells
5-200329-A-8__bandlimited,church_bells
5-200329-B-8__bandlimited,cow
5-200329-C-8__bandlimited,church_bells
5-200334-A-1__bandlimited,rooster
5-200334-B-1__bandlimited,rooster
5-200339-A-1__bandlimited,dog
5-200461-A-11__bandlimited,church_bells
5-200461-B-11__bandlimited,church_bells
5-201170-A-46__bandlimited,church_bells
5-201172-A-46__bandlimited,church_bells
5-201194-A-38__bandlimited,clock_tick
5-201274-A-21__bandlimited,water_drops
5-201664-A-18__bandlimited,church_bells
5-202020-A-18__bandlimited,dog
5-202220-A-21__bandlimited,laughing
5-202540-A-18__bandlimited,laughing
5-202795-A-3__bandlimited,church_bells
5-202898-A-10__bandlimited,church_bells
5-203128-A-0__bandlimited,dog
5-203128-B-0__bandlimited,dog
5-203739-A-10__bandlimited,church_bells
5-204114-A-29__bandlimited,hen
5-204352-A-13__bandlimited,airplane
5-204352-B-13__bandlimited,car_horn
5-204604-A-24__bandlimited,coughing
5-204741-A-46__bandlimited,church_bells
5-205090-A-32__bandlimited,breathing
5-205589-A-17__bandlimited,dog
5-205589-B-17__bandlimited,hen
5-205898-A-40__bandlimited,church_bells
5-207681-A-24__bandlimited,coughing
5-207781-A-17__bandlimited,dog
5-207811-A-35__bandlimited,airplane
5-207811-B-35__bandlimited,airplane
5-207836-A-29__bandlimited,frog
5-207836-B-29__bandlimited,dog
5-207836-C-29__bandlimited,hen
5-207836-D-29__bandlimited,dog
5-208030-A-0__bandlimited,dog
5-208624-A-38__bandlimited,frog
5-208761-A-24__bandlimited,laughing
5-208810-A-11__bandlimited,church_bells
5-208810-B-11__bandlimited,church_bells
5-209698-A-38__bandlimited,laughing
5-209719-A-24__bandlimited,door_wood_knock
5-209833-A-38__bandlimited,dog
5-209989-A-22__bandlimited,dog
5-209992-A-44__bandlimited,airplane
5-209992-B-44__bandlimited,church_bells
5-210540-A-13__bandlimited,church_bells
5-210571-A-38__bandlimited,dog
5-210612-A-37__bandlimited,water_drops
5-211197-A-24__bandlimited,coughing
5-211408-A-37__bandlimited,church_bells
5-212050-A-27__bandlimited,brushing_teeth
5-212054-A-36__bandlimited,church_bells
5-212059-A-36__bandlimited,church_bells
5-212181-A-38__bandlimited,hen
5-212454-A-0__bandlimited,laughing
5-212730-A-17__bandlimited,dog
5-212734-A-17__bandlimited,dog
5-212736-A-17__bandlimited,dog
5-213077-A-11__bandlimited,airplane
5-213293-A-23__bandlimited,hen
5-213802-A-12__bandlimited,airplane
5-213836-A-9__bandlimited,church_bells
5-213836-B-9__bandlimited,sheep
5-213836-C-9__bandlimited,church_bells
5-213836-D-9__bandlimited,church_bells
5-213855-A-0__bandlimited,dog
5-214362-A-17__bandlimited,dog
5-214759-A-5__bandlimited,cat
5-214759-B-5__bandlimited,cat
5-214869-A-9__bandlimited,church_bells
5-215005-A-32__bandlimited,hen
5-215172-A-13__bandlimited,church_bells
5-215179-A-13__bandlimited,airplane
5-215445-A-47__bandlimited,airplane
5-215447-A-47__bandlimited,church_bells
5-215449-A-47__bandlimited,airplane
5-215634-A-17__bandlimited,breathing
5-215658-A-12__bandlimited,thunderstorm
5-215658-B-12__bandlimited,airplane
5-216131-A-32__bandlimited,frog
5-216213-A-13__bandlimited,frog
5-216214-A-13__bandlimited,chirping_birds
5-216216-A-13__bandlimited,crickets
5-216368-A-28__bandlimited,cow
5-216370-A-41__bandlimited,church_bells
5-216370-B-41__bandlimited,airplane
5-217158-A-0__bandlimited,dog
5-217186-A-16__bandlimited,church_bells
5-217186-B-16__bandlimited,church_bells
5-217186-C-16__bandlimited,church_bells
5-218196-A-27__bandlimited,frog
5-218196-B-27__bandlimited,frog
5-218494-A-22__bandlimited,cow
5-218980-A-30__bandlimited,drinking_sipping
5-218981-A-30__bandlimited,door_wood_knock
5-219044-A-46__bandlimited,fireworks
5-219242-A-37__bandlimited,frog
5-219242-B-37__bandlimited,frog
5-219318-A-31__bandlimited,hen
5-219342-A-38__bandlimited,dog
5-219379-A-11__bandlimited,church_bells
5-219379-B-11__bandlimited,church_bells
5-219379-C-11__bandlimited,church_bells
5-220026-A-21__bandlimited,sneezing
5-220027-A-21__bandlimited,dog
5-220939-A-27__bandlimited,pouring_water
5-220955-A-40__bandlimited,airplane
5-221518-A-21__bandlimited,coughing
5-221528-A-39__bandlimited,sneezing
5-221529-A-39__bandlimited,dog
5-221567-A-22__bandlimited,cow
5-221568-A-22__bandlimited,church_bells
5-221593-A-21__bandlimited,dog
5-221878-A-34__bandlimited,dog
5-221950-A-22__bandlimited,dog
5-222041-A-9__bandlimited,church_bells
5-222524-A-41__bandlimited,airplane
5-222894-A-32__bandlimited,hen
5-223099-A-32__bandlimited,dog
5-223099-B-32__bandlimited,dog
5-223103-A-31__bandlimited,cow
5-223176-A-37__bandlimited,dog
5-223317-A-31__bandlimited,hen
5-223810-A-35__bandlimited,church_bells
5-231551-A-36__bandlimited,cow
5-231762-A-0__bandlimited,dog
5-232272-A-44__bandlimited,airplane
5-232802-A-31__bandlimited,cow
5-232816-A-23__bandlimited,church_bells
5-233019-A-31__bandlimited,church_bells
5-233160-A-1__bandlimited,rooster
5-233260-A-23__bandlimited,church_bells
5-233312-A-28__bandlimited,thunderstorm
5-233605-A-39__bandlimited,fireworks
5-233607-A-39__bandlimited,sneezing
5-233645-A-37__bandlimited,cow
5-233787-A-7__bandlimited,church_bells
5-234145-A-28__bandlimited,door_wood_knock
5-234247-A-37__bandlimited,church_bells
5-234263-A-25__bandlimited,dog
5-234335-A-23__bandlimited,dog
5-234855-A-25__bandlimited,dog
5-234879-A-1__bandlimited,rooster
5-234879-B-1__bandlimited,dog
5-234923-A-32__bandlimited,frog
5-235507-A-44__bandlimited,church_bells
5-235593-A-23__bandlimited,church_bells
5-235644-A-30__bandlimited,door_wood_knock
5-235671-A-38__bandlimited,church_bells
5-235874-A-28__bandlimited,cow
5-235893-A-28__bandlimited,cow
5-235956-A-47__bandlimited,church_bells
5-236288-A-28__bandlimited,cow
5-236299-A-34__bandlimited,drinking_sipping
5-237315-A-31__bandlimited,church_bells
5-237499-A-4__bandlimited,dog
5-237795-A-34__bandlimited,water_drops
5-238021-A-35__bandlimited,church_bells
5-238492-A-23__bandlimited,laughing
5-238926-A-31__bandlimited,church_bells
5-238938-A-27__bandlimited,church_bells
5-240671-A-44__bandlimited,church_bells
5-241846-A-15__bandlimited,dog
5-242490-A-14__bandlimited,chirping_birds
5-242491-A-14__bandlimited,hen
5-242492-A-3__bandlimited,thunderstorm
5-242711-A-9__bandlimited,church_bells
5-242932-A-26__bandlimited,dog
5-242932-B-26__bandlimited,laughing
5-243025-A-25__bandlimited,cow
5-243036-A-29__bandlimited,coughing
5-243448-A-14__bandlimited,sheep
5-243449-A-14__bandlimited,hen
5-243450-A-14__bandlimited,frog
5-243459-A-14__bandlimited,frog
5-243459-B-14__bandlimited,frog
5-243635-A-29__bandlimited,dog
5-243773-A-44__bandlimited,airplane
5-243773-B-44__bandlimited,airplane
5-243783-A-44__bandlimited,airplane
5-244178-A-32__bandlimited,dog
5-244310-A-25__bandlimited,church_bells
5-244315-A-6__bandlimited,hen
5-244315-B-6__bandlimited,pig
5-244315-C-6__bandlimited,hen
5-244327-A-34__bandlimited,water_drops
5-244459-A-28__bandlimited,thunderstorm
5-244526-A-26__bandlimited,laughing
5-244651-A-31__bandlimited,water_drops
5-244933-A-34__bandlimited,hen
5-245040-A-35__bandlimited,clapping
5-248341-A-6__bandlimited,dog
5-248341-B-6__bandlimited,hen
5-248341-C-6__bandlimited,siren
5-249748-A-28__bandlimited,hen
5-249937-A-22__bandlimited,church_bells
5-250026-A-30__bandlimited,door_wood_knock
5-250026-B-30__bandlimited,dog
5-250258-A-49__bandlimited,dog
5-250629-A-37__bandlimited,clock_alarm
5-250753-A-34__bandlimited,cow
5-251426-A-30__bandlimited,door_wood_knock
5-251426-B-30__bandlimited,door_wood_knock
5-251489-A-24__bandlimited,dog
5-251957-A-47__bandlimited,church_bells
5-251962-A-47__bandlimited,airplane
5-251963-A-47__bandlimited,thunderstorm
5-251971-A-47__bandlimited,church_bells
5-252248-A-34__bandlimited,sneezing
5-253085-A-3__bandlimited,thunderstorm
5-253085-B-3__bandlimited,cow
5-253094-A-49__bandlimited,hand_saw
5-253094-B-49__bandlimited,church_bells
5-253094-C-49__bandlimited,church_bells
5-253094-D-49__bandlimited,dog
5-253101-A-49__bandlimited,pig
5-253101-B-49__bandlimited,airplane
5-253101-C-49__bandlimited,church_bells
5-253534-A-26__bandlimited,laughing
5-254160-A-22__bandlimited,church_bells
5-254832-A-15__bandlimited,clock_tick
5-254832-B-15__bandlimited,water_drops
5-256452-A-5__bandlimited,hen
5-256512-A-30__bandlimited,door_wood_knock
5-257349-A-15__bandlimited,water_drops
5-257642-A-39__bandlimited,dog
5-257839-A-14__bandlimited,church_bells
5-259169-A-5__bandlimited,dog
5-259180-A-15__bandlimited,dog
5-259514-A-26__bandlimited,dog
5-259640-A-29__bandlimited,door_wood_knock
5-260011-A-34__bandlimited,can_opening
5-260164-A-23__bandlimited,cow
5-260432-A-39__bandlimited,sneezing
5-260433-A-39__bandlimited,hen
5-260434-A-39__bandlimited,car_horn
5-260875-A-35__bandlimited,church_bells
5-261325-A-9__bandlimited,frog
5-261433-A-15__bandlimited,door_wood_knock
5-261439-A-15__bandlimited,church_bells
5-261464-A-23__bandlimited,cow
5-262641-A-15__bandlimited,church_bells
5-262957-A-22__bandlimited,church_bells
5-263490-A-25__bandlimited,church_bells
5-263491-A-25__bandlimited,fireworks
5-263501-A-25__bandlimited,cow
5-263775-A-26__bandlimited,dog
5-263775-B-26__bandlimited,dog
5-263831-A-6__bandlimited,hen
5-263831-B-6__bandlimited,dog
5-263902-A-36__bandlimited,church_bells
5-51149-A-25__bandlimited,door_wood_creaks
5-61635-A-8__bandlimited,sheep
5-9032-A-0__bandlimited,hen
